family,hp,hp_col,n_models_total_family,n_models_used,n_groups,mean_ratio,median_ratio,p90_ratio,ratio_of_sums,dataset,seed,pool_type,subset
GBM,learning_rate,hp_learning_rate,25,25,4,0.47780999003676927,0.527064461831503,0.6820466928271999,0.48127895942539756,german,0,Rashomon,all
GBM,max_depth,hp_max_depth,25,25,4,0.16077791919805506,0.11313817792401415,0.3401889752332694,0.17689593172860335,german,0,Rashomon,all
GBM,subsample,hp_subsample,25,25,3,0.10907780505047979,0.0823607915511732,0.24520611084241237,0.12867514153949478,german,0,Rashomon,all
GBM,n_estimators,hp_n_estimators,25,25,3,0.033771138254827714,0.02314971455292178,0.07960017614130603,0.03508957894988136,german,0,Rashomon,all
LogReg,C,hp_C,25,25,10,0.9333808178033971,0.9609157462732117,0.9893161251203322,0.9579143713770237,german,0,Rashomon,all
LogReg,l1_ratio,hp_l1_ratio,25,25,5,0.05858985875047341,0.04745205797500736,0.09589214858806577,0.040668034987856386,german,0,Rashomon,all
MLP,learning_rate_init,hp_learning_rate_init,25,25,3,0.1438505939321854,0.13789652573403574,0.28435461279931484,0.17403839332161605,german,0,Rashomon,all
MLP,hidden_layer_sizes,hp_hidden_layer_sizes,25,25,5,0.14230584789887535,0.13161160486733287,0.23346140840226748,0.13319121358636063,german,0,Rashomon,all
MLP,alpha,hp_alpha,25,25,4,0.09714019319239092,0.07800104242354888,0.18899771662670495,0.08218008737788211,german,0,Rashomon,all
MLP,activation,hp_activation,25,25,2,0.07750206628125195,0.06927133101040031,0.17568361970106244,0.07957496757819792,german,0,Rashomon,all
RF,max_depth,hp_max_depth,25,21,4,0.20463063338651483,0.1800172286668214,0.37555558461032257,0.21234900891330308,german,0,Rashomon,all
RF,n_estimators,hp_n_estimators,25,25,3,0.1080668415640621,0.08967595579422077,0.2213019955920003,0.11948858716191517,german,0,Rashomon,all
RF,min_samples_leaf,hp_min_samples_leaf,25,25,3,0.09836443812582062,0.07887654594301977,0.21159885274586376,0.09289961934586367,german,0,Rashomon,all
RF,min_samples_split,hp_min_samples_split,25,25,3,0.0808512034778528,0.0703171934826479,0.16795485904877142,0.0854440530134672,german,0,Rashomon,all
RF,max_features,hp_max_features,25,21,2,0.08082331113967953,0.042206109214807566,0.1980220639558297,0.08395302685402525,german,0,Rashomon,all
kNN,n_neighbors,hp_n_neighbors,25,25,9,0.7061829975109829,0.753302932889166,0.9423973114203229,0.6807977378854861,german,0,Rashomon,all
kNN,p,hp_p,25,25,2,0.21358301301106486,0.13549054761332838,0.5576165874563581,0.2506548525426207,german,0,Rashomon,all
kNN,weights,hp_weights,25,25,2,0.016193219923344816,0.002521804496201301,0.03303525349525171,0.04439439576773999,german,0,Rashomon,all
GBM,learning_rate,hp_learning_rate,25,25,4,0.4258630414944167,0.5074413648360895,0.6254457125248494,0.36772205258676144,german,0,Rashomon,HH
GBM,subsample,hp_subsample,25,25,3,0.11744542704573314,0.12369741307972075,0.2252136086535324,0.13003405777434165,german,0,Rashomon,HH
GBM,max_depth,hp_max_depth,25,25,4,0.10213451519354437,0.06634204599149658,0.2569269481338278,0.1188519967132685,german,0,Rashomon,HH
GBM,n_estimators,hp_n_estimators,25,25,3,0.03970516209850753,0.03135154256752572,0.08887682638017275,0.04429038390493625,german,0,Rashomon,HH
LogReg,C,hp_C,25,25,10,0.9363894929065207,0.9655270276723475,0.9844669321803686,0.9744062775037351,german,0,Rashomon,HH
LogReg,l1_ratio,hp_l1_ratio,25,25,5,0.0584011443605817,0.05005612434649635,0.10854158601205552,0.022893854318971542,german,0,Rashomon,HH
MLP,learning_rate_init,hp_learning_rate_init,25,25,3,0.25308197523825937,0.29756623544511074,0.33765283323561307,0.2800907289368611,german,0,Rashomon,HH
MLP,hidden_layer_sizes,hp_hidden_layer_sizes,25,25,5,0.12824704093449454,0.13164559401807302,0.1619848895586758,0.13378339470606496,german,0,Rashomon,HH
MLP,activation,hp_activation,25,25,2,0.06537497677731678,0.06974079429950694,0.12991283497686382,0.07748907729900427,german,0,Rashomon,HH
MLP,alpha,hp_alpha,25,25,4,0.05715585490774578,0.06067870910941974,0.07479789936349604,0.05785844139261761,german,0,Rashomon,HH
RF,max_depth,hp_max_depth,25,21,4,0.1576074958479061,0.10211162382753375,0.32951788884235095,0.1853433073394144,german,0,Rashomon,HH
RF,max_features,hp_max_features,25,21,2,0.1453058532813974,0.1880011844149539,0.27822555660561166,0.16961877491532934,german,0,Rashomon,HH
RF,n_estimators,hp_n_estimators,25,25,3,0.1172847729979711,0.13532850575264319,0.16845537910637068,0.12715555401489884,german,0,Rashomon,HH
RF,min_samples_leaf,hp_min_samples_leaf,25,25,3,0.11709047061421797,0.08876658777686332,0.2027622583188014,0.12058936627083926,german,0,Rashomon,HH
RF,min_samples_split,hp_min_samples_split,25,25,3,0.09377043035276778,0.08765181579061017,0.16317969770161886,0.10612855323405751,german,0,Rashomon,HH
kNN,n_neighbors,hp_n_neighbors,25,25,9,0.6254469951122582,0.6544686010096589,0.8554985439064928,0.7346620961432064,german,0,Rashomon,HH
kNN,p,hp_p,25,25,2,0.307251150302333,0.22814451921533843,0.6571759732256638,0.20041571362278257,german,0,Rashomon,HH
kNN,weights,hp_weights,25,25,2,0.006826110876956365,0.00870082617188522,0.010234606915854339,0.007340247348798165,german,0,Rashomon,HH
GBM,learning_rate,hp_learning_rate,25,25,4,0.4796940762533312,0.5326445444781628,0.6827363433343259,0.4905596492926154,german,0,Rashomon,non_HH
GBM,max_depth,hp_max_depth,25,25,4,0.16290488203759693,0.11342885757335956,0.34034830934269883,0.18163970095010692,german,0,Rashomon,non_HH
GBM,subsample,hp_subsample,25,25,3,0.10877431616982293,0.08189117855095508,0.24254656160201782,0.12856408109867928,german,0,Rashomon,non_HH
GBM,n_estimators,hp_n_estimators,25,25,3,0.03355591459210357,0.022975782453287342,0.0782244404861639,0.03433762277483368,german,0,Rashomon,non_HH
LogReg,C,hp_C,25,25,10,0.9332716948721957,0.9603501398974543,0.9892297140034991,0.955284355571631,german,0,Rashomon,non_HH
LogReg,l1_ratio,hp_l1_ratio,25,25,5,0.05859670331383736,0.04738488083703696,0.09553509765504763,0.043502539121454346,german,0,Rashomon,non_HH
MLP,learning_rate_init,hp_learning_rate_init,25,25,3,0.13988883398844176,0.12932121069147628,0.27172430940630915,0.16805021189002695,german,0,Rashomon,non_HH
MLP,hidden_layer_sizes,hp_hidden_layer_sizes,25,25,5,0.1428157528146819,0.1315776157165927,0.2346943078319741,0.13315777643512222,german,0,Rashomon,non_HH
MLP,alpha,hp_alpha,25,25,4,0.09859040235297391,0.07986013110755442,0.18909005628657088,0.08355339450996671,german,0,Rashomon,non_HH
MLP,activation,hp_activation,25,25,2,0.077941908905747,0.06880186772129368,0.17683576710364168,0.07969274611995034,german,0,Rashomon,non_HH
RF,max_depth,hp_max_depth,25,21,4,0.20633613578428822,0.1837592489058813,0.37434393546340444,0.2138663808680315,german,0,Rashomon,non_HH
RF,n_estimators,hp_n_estimators,25,25,3,0.1077325124446975,0.08946902204788344,0.22136883040362929,0.1190071717739441,german,0,Rashomon,non_HH
RF,min_samples_leaf,hp_min_samples_leaf,25,25,3,0.09768525560033468,0.07870100179564418,0.21036573520595508,0.0911609565194396,german,0,Rashomon,non_HH
RF,min_samples_split,hp_min_samples_split,25,25,3,0.08038263048238956,0.07022008274017051,0.16783277936833763,0.08414525560249256,german,0,Rashomon,non_HH
RF,max_features,hp_max_features,25,21,2,0.07848456608790738,0.04156326007083177,0.18403074542813325,0.07878764156668955,german,0,Rashomon,non_HH
kNN,n_neighbors,hp_n_neighbors,25,25,9,0.7091112463026465,0.7542785637805495,0.9425791177838782,0.6784521295998835,german,0,Rashomon,non_HH
kNN,p,hp_p,25,25,2,0.21018572305749555,0.13522703840123212,0.543686345080853,0.2528425949445276,german,0,Rashomon,non_HH
kNN,weights,hp_weights,25,25,2,0.016532959629690508,0.002326261891136886,0.033397942824657134,0.04600797699953647,german,0,Rashomon,non_HH
GBM,learning_rate,hp_learning_rate,25,25,4,0.2480468594726314,0.24869626949535956,0.43246210794407547,0.2387340021642792,german,1,Rashomon,all
GBM,max_depth,hp_max_depth,25,25,4,0.19584400750672767,0.14104039249396644,0.43513897051609096,0.18558916923514707,german,1,Rashomon,all
GBM,subsample,hp_subsample,25,25,3,0.09611351071371489,0.05529032011242769,0.264382321689417,0.11948711561463521,german,1,Rashomon,all
GBM,n_estimators,hp_n_estimators,25,25,3,0.09771801095249531,0.081926685471379,0.19607306198385946,0.11022028901120835,german,1,Rashomon,all
LogReg,C,hp_C,25,25,10,0.8809180265010731,0.9215815826148127,0.9812568846859857,0.933505532272039,german,1,Rashomon,all
LogReg,l1_ratio,hp_l1_ratio,25,25,5,0.18975616767121387,0.1776661527685597,0.26973042512524253,0.19851053722404974,german,1,Rashomon,all
MLP,hidden_layer_sizes,hp_hidden_layer_sizes,25,25,5,0.14684274516996762,0.14326793748561142,0.22932372717808475,0.13836967953107723,german,1,Rashomon,all
MLP,learning_rate_init,hp_learning_rate_init,25,25,2,0.11455770703737024,0.10583634594003961,0.22204853994894067,0.10731962509848952,german,1,Rashomon,all
MLP,alpha,hp_alpha,25,25,4,0.09140876630983702,0.07225021511163904,0.19380076284183187,0.08962243550516832,german,1,Rashomon,all
MLP,activation,hp_activation,25,25,2,0.07685372739015336,0.04609671052991968,0.2043850040472796,0.0793677100926479,german,1,Rashomon,all
RF,min_samples_split,hp_min_samples_split,25,25,3,0.18153057364498856,0.17616358072118227,0.32879228773084246,0.21890422008182886,german,1,Rashomon,all
RF,min_samples_leaf,hp_min_samples_leaf,25,25,3,0.11457162859272561,0.06438521407738701,0.3061382861148381,0.11467262743159637,german,1,Rashomon,all
RF,max_features,hp_max_features,25,14,2,0.11366146684565914,0.06027742907185528,0.3024492729041078,0.11212972204138885,german,1,Rashomon,all
RF,n_estimators,hp_n_estimators,25,25,3,0.0669303065466726,0.05208930796616245,0.1355180936689752,0.06687365622952268,german,1,Rashomon,all
RF,max_depth,hp_max_depth,25,20,3,0.055511985090354335,0.040983811745786414,0.11724952787077199,0.04635463122435644,german,1,Rashomon,all
kNN,n_neighbors,hp_n_neighbors,25,25,9,0.7404606739488743,0.8014906886464912,0.9495160343748343,0.7383370720516481,german,1,Rashomon,all
kNN,p,hp_p,25,25,2,0.20509663986615084,0.13679425015236024,0.5487314799313051,0.22184999273775807,german,1,Rashomon,all
kNN,weights,hp_weights,25,25,2,0.02654053610016462,0.01309245820695386,0.06471530481119396,0.04869194089767466,german,1,Rashomon,all
GBM,learning_rate,hp_learning_rate,25,25,4,0.24531916821569186,0.24648846525187695,0.42719732204680305,0.23343382596603113,german,1,Rashomon,non_HH
GBM,max_depth,hp_max_depth,25,25,4,0.19589121255710562,0.14034009869945477,0.4365578314820473,0.1835692284935252,german,1,Rashomon,non_HH
GBM,subsample,hp_subsample,25,25,3,0.09643128441512985,0.05433374524232468,0.26496008755217854,0.12105860863164204,german,1,Rashomon,non_HH
GBM,n_estimators,hp_n_estimators,25,25,3,0.09761472736707942,0.081926685471379,0.19560135489262329,0.11065284770530867,german,1,Rashomon,non_HH
LogReg,C,hp_C,25,25,10,0.8803882942469254,0.9233897311127299,0.9817196547141087,0.9343238644827195,german,1,Rashomon,non_HH
LogReg,l1_ratio,hp_l1_ratio,25,25,5,0.18907100183350278,0.1776661527685597,0.2665942867841776,0.19922847444250785,german,1,Rashomon,non_HH
MLP,hidden_layer_sizes,hp_hidden_layer_sizes,25,25,5,0.1477787758995094,0.1441548788094189,0.23092133229342546,0.13953892228465237,german,1,Rashomon,non_HH
MLP,learning_rate_init,hp_learning_rate_init,25,25,2,0.11512895275667341,0.10583634594003961,0.22272272960522116,0.10918436203852697,german,1,Rashomon,non_HH
MLP,alpha,hp_alpha,25,25,4,0.091539896511318,0.07225021511163904,0.19390614071037415,0.08966538858368739,german,1,Rashomon,non_HH
MLP,activation,hp_activation,25,25,2,0.07573799945253704,0.04609671052991968,0.19661315163589776,0.07618500976672035,german,1,Rashomon,non_HH
RF,min_samples_split,hp_min_samples_split,25,25,3,0.18071001609463114,0.1751305926661896,0.3293195025706762,0.21894902923626272,german,1,Rashomon,non_HH
RF,min_samples_leaf,hp_min_samples_leaf,25,25,3,0.11470629384490194,0.06363678452996521,0.3072519967248431,0.11581609916355748,german,1,Rashomon,non_HH
RF,max_features,hp_max_features,25,14,2,0.11408700208405952,0.06056787780178953,0.311257304954178,0.1109925943972401,german,1,Rashomon,non_HH
RF,n_estimators,hp_n_estimators,25,25,3,0.0673564953298831,0.05208930796616245,0.1365072809051035,0.06760872161389019,german,1,Rashomon,non_HH
RF,max_depth,hp_max_depth,25,20,3,0.054699074088879036,0.03908384350071447,0.11437446464322992,0.04548335848161227,german,1,Rashomon,non_HH
kNN,n_neighbors,hp_n_neighbors,25,25,9,0.7481772753645022,0.8121691104635804,0.9513877215474309,0.7518127175096251,german,1,Rashomon,non_HH
kNN,p,hp_p,25,25,2,0.19994051711427757,0.13401800337540606,0.506371843058484,0.21230538881377148,german,1,Rashomon,non_HH
kNN,weights,hp_weights,25,25,2,0.026645109387136667,0.012605935979129842,0.06483194185423727,0.04971866016168454,german,1,Rashomon,non_HH
GBM,learning_rate,hp_learning_rate,25,25,4,0.3168720304445201,0.30874686791989947,0.5205673499544557,0.32862518983453665,german,2,Rashomon,all
GBM,max_depth,hp_max_depth,25,25,4,0.19392670889035307,0.14994846447690385,0.38813065835968485,0.20815529076884337,german,2,Rashomon,all
GBM,subsample,hp_subsample,25,25,3,0.1497798297324203,0.1264463172936775,0.27120857816674826,0.16386298039172237,german,2,Rashomon,all
GBM,n_estimators,hp_n_estimators,25,25,3,0.044693682811648296,0.032702543455313954,0.09590711215789283,0.04906160042669558,german,2,Rashomon,all
LogReg,C,hp_C,25,25,13,0.9992748689377562,0.999888425056247,0.9999947563520055,0.999768282312886,german,2,Rashomon,all
LogReg,l1_ratio,hp_l1_ratio,25,25,5,0.10001166755148862,0.08571004183451886,0.14386117829850698,0.08351505067825109,german,2,Rashomon,all
MLP,learning_rate_init,hp_learning_rate_init,25,25,2,0.22332108776826307,0.21736663224366043,0.4342712841219221,0.18208659131649266,german,2,Rashomon,all
MLP,hidden_layer_sizes,hp_hidden_layer_sizes,25,25,5,0.1295247861482488,0.11385412060785782,0.23898112024024756,0.15756958926887582,german,2,Rashomon,all
MLP,alpha,hp_alpha,25,25,4,0.12273715999083634,0.10888309942610061,0.22381942678223923,0.14866509156898275,german,2,Rashomon,all
MLP,activation,hp_activation,25,25,2,0.05456149496210898,0.03882238144363792,0.12877106732580065,0.07209749846876147,german,2,Rashomon,all
RF,min_samples_leaf,hp_min_samples_leaf,25,25,3,0.2527489537922806,0.22992525479410664,0.48049737916146423,0.294870910011784,german,2,Rashomon,all
RF,max_depth,hp_max_depth,25,19,4,0.2547162064834505,0.21141595384390516,0.5089682910470774,0.26513970743925114,german,2,Rashomon,all
RF,n_estimators,hp_n_estimators,25,25,3,0.16316175840792518,0.14697560536798082,0.2971557789187467,0.18678355991065185,german,2,Rashomon,all
RF,max_features,hp_max_features,25,16,2,0.12142950511641355,0.08516151199151852,0.28766815602761237,0.10796117424822098,german,2,Rashomon,all
RF,min_samples_split,hp_min_samples_split,25,25,3,0.09382353864980565,0.08281512548971309,0.18558938547661843,0.09709438662223281,german,2,Rashomon,all
kNN,n_neighbors,hp_n_neighbors,25,25,11,0.7684107370447909,0.8293795595545047,0.9590351262086259,0.7670696681466298,german,2,Rashomon,all
kNN,p,hp_p,25,25,2,0.19503652487795148,0.10749528985557374,0.5646882723690285,0.21735140794732596,german,2,Rashomon,all
kNN,weights,hp_weights,25,25,2,0.011143186461768716,0.0026594013088080586,0.02665729923685113,0.010486352299818319,german,2,Rashomon,all
GBM,learning_rate,hp_learning_rate,25,25,4,0.3179088605855339,0.3092174456905589,0.52133612804235,0.33350270211713684,german,2,Rashomon,non_HH
GBM,max_depth,hp_max_depth,25,25,4,0.19485779550838167,0.15027066482588083,0.3891629841161059,0.2112605842783002,german,2,Rashomon,non_HH
GBM,subsample,hp_subsample,25,25,3,0.14856304230071968,0.1259715280342656,0.26677350068297995,0.16228158858470107,german,2,Rashomon,non_HH
GBM,n_estimators,hp_n_estimators,25,25,3,0.044227552109899246,0.03235967978318269,0.09606522599862632,0.04796246836284007,german,2,Rashomon,non_HH
LogReg,C,hp_C,25,25,13,0.9992759654923048,0.999886879328425,0.9999947206110552,0.9997753247291382,german,2,Rashomon,non_HH
LogReg,l1_ratio,hp_l1_ratio,25,25,5,0.0998671900040895,0.08577727149356812,0.14181033481472163,0.08311261051472123,german,2,Rashomon,non_HH
MLP,learning_rate_init,hp_learning_rate_init,25,25,2,0.22461669352574176,0.2211204333473312,0.4379245819851164,0.18359221527590552,german,2,Rashomon,non_HH
MLP,hidden_layer_sizes,hp_hidden_layer_sizes,25,25,5,0.1286994715431898,0.11155018737651394,0.23989476718120928,0.15689742931565237,german,2,Rashomon,non_HH
MLP,alpha,hp_alpha,25,25,4,0.12089104569804603,0.10862000088554043,0.2149860050642736,0.145139751641589,german,2,Rashomon,non_HH
MLP,activation,hp_activation,25,25,2,0.05351285097710361,0.03879840977822465,0.12393601431047326,0.06930661901081213,german,2,Rashomon,non_HH
RF,min_samples_leaf,hp_min_samples_leaf,25,25,3,0.25179796365042534,0.22982488553211144,0.47182901975591185,0.2935943784582835,german,2,Rashomon,non_HH
RF,max_depth,hp_max_depth,25,19,4,0.2524618514248728,0.20752243237994752,0.5042294331849735,0.263586937119325,german,2,Rashomon,non_HH
RF,n_estimators,hp_n_estimators,25,25,3,0.16086372607665997,0.14562536311147048,0.29515431889301885,0.18390912279690838,german,2,Rashomon,non_HH
RF,max_features,hp_max_features,25,16,2,0.12062676453241071,0.08478258737526453,0.28554558894252674,0.1068837683329659,german,2,Rashomon,non_HH
RF,min_samples_split,hp_min_samples_split,25,25,3,0.09461651135790214,0.0829281936728035,0.18649174825142906,0.09788137779071013,german,2,Rashomon,non_HH
kNN,n_neighbors,hp_n_neighbors,25,25,11,0.7682415917811665,0.8289432822894127,0.9597943028952308,0.7671384568778992,german,2,Rashomon,non_HH
kNN,p,hp_p,25,25,2,0.1971776596091253,0.10938050642505856,0.5687621143783069,0.21946801625513904,german,2,Rashomon,non_HH
kNN,weights,hp_weights,25,25,2,0.011127919508063676,0.0026561215024861994,0.025329430840143805,0.010430097534548209,german,2,Rashomon,non_HH
GBM,max_depth,hp_max_depth,25,25,4,0.18891978183170327,0.14764445873277787,0.42819858340117745,0.21405769121778204,german,3,Rashomon,all
GBM,learning_rate,hp_learning_rate,25,25,4,0.2055386335243314,0.18666487087858125,0.3868796997313812,0.1926202099141443,german,3,Rashomon,all
GBM,subsample,hp_subsample,25,25,3,0.11453699094919254,0.09213854288282762,0.23195331016648277,0.12818111370479662,german,3,Rashomon,all
GBM,n_estimators,hp_n_estimators,25,25,3,0.09213821673277962,0.07966247952884067,0.17117213575993556,0.09839908765861291,german,3,Rashomon,all
LogReg,C,hp_C,25,25,12,0.9429984311724214,0.9828394089976209,0.9989521605113033,0.9852846417626743,german,3,Rashomon,all
LogReg,l1_ratio,hp_l1_ratio,25,25,5,0.1601860048375002,0.15542994946017083,0.23127126432340533,0.1610726375763968,german,3,Rashomon,all
MLP,hidden_layer_sizes,hp_hidden_layer_sizes,25,25,5,0.15336546734152556,0.13729254853137696,0.28329720032461797,0.13607962521635156,german,3,Rashomon,all
MLP,learning_rate_init,hp_learning_rate_init,25,25,2,0.09701674466881922,0.08251907751202775,0.2148920730340682,0.10449772403159902,german,3,Rashomon,all
MLP,alpha,hp_alpha,25,25,4,0.06195386810897904,0.04743411475171988,0.1356187258082787,0.06759987166193228,german,3,Rashomon,all
MLP,activation,hp_activation,25,25,2,0.07781256590558956,0.060007981600134194,0.19167682061735228,0.06527709456067464,german,3,Rashomon,all
RF,min_samples_split,hp_min_samples_split,25,25,3,0.1542556010350374,0.1458615926686985,0.2822117901677911,0.17935896261561501,german,3,Rashomon,all
RF,max_features,hp_max_features,25,15,2,0.14874475854657784,0.08173617146391415,0.380420760178859,0.14373138551208278,german,3,Rashomon,all
RF,max_depth,hp_max_depth,25,15,3,0.13095717031126494,0.10123278501675259,0.2770305541611139,0.10287481961546854,german,3,Rashomon,all
RF,min_samples_leaf,hp_min_samples_leaf,25,25,3,0.10314317305742049,0.058299324457002935,0.2637097162228966,0.0933958034872038,german,3,Rashomon,all
RF,n_estimators,hp_n_estimators,25,25,3,0.040203693439450745,0.024192360091642426,0.1024415652677566,0.031072354185528134,german,3,Rashomon,all
kNN,n_neighbors,hp_n_neighbors,25,25,9,0.6980666208763381,0.7563278220107531,0.9276824674730337,0.6849250411700825,german,3,Rashomon,all
kNN,p,hp_p,25,25,2,0.19488784848194637,0.1145991907994086,0.5243953635812062,0.25196368639887,german,3,Rashomon,all
kNN,weights,hp_weights,25,25,2,0.016571137939112357,0.007287647877413948,0.0434161225449773,0.015043742746319507,german,3,Rashomon,all
GBM,learning_rate,hp_learning_rate,25,25,4,0.1936458551879511,0.19497654252204527,0.3443998327023845,0.18019487186574284,german,3,Rashomon,HH
GBM,max_depth,hp_max_depth,25,25,4,0.12870975869694673,0.08766089440879393,0.26199869781407287,0.1348456171726669,german,3,Rashomon,HH
GBM,subsample,hp_subsample,25,25,3,0.11831555075569371,0.11503056719787692,0.21202011373021346,0.12976662443557652,german,3,Rashomon,HH
GBM,n_estimators,hp_n_estimators,25,25,3,0.04497906502382985,0.05218881143914562,0.08084850851878596,0.041993958564727075,german,3,Rashomon,HH
LogReg,C,hp_C,25,25,12,0.9517620792131691,0.9862319283368332,0.9995520395698323,0.9899474634758747,german,3,Rashomon,HH
LogReg,l1_ratio,hp_l1_ratio,25,25,5,0.16520973869470018,0.15320651339266222,0.20374303358415122,0.17567050489349612,german,3,Rashomon,HH
MLP,hidden_layer_sizes,hp_hidden_layer_sizes,25,25,5,0.10764068160133865,0.12065698678866847,0.1394265412587878,0.11292125396734722,german,3,Rashomon,HH
MLP,learning_rate_init,hp_learning_rate_init,25,25,2,0.10499713915543132,0.11321809965414305,0.2182392470898383,0.10110826309674496,german,3,Rashomon,HH
MLP,alpha,hp_alpha,25,25,4,0.07047497784291311,0.05042790021398884,0.13907775566433733,0.07742676683553942,german,3,Rashomon,HH
MLP,activation,hp_activation,25,25,2,0.06281802923673623,0.00970590126887933,0.1954419868250753,0.06252881000710986,german,3,Rashomon,HH
RF,max_features,hp_max_features,25,15,2,0.23348089985592996,0.2193692227536326,0.4459284037165701,0.22579544517246297,german,3,Rashomon,HH
RF,min_samples_split,hp_min_samples_split,25,25,3,0.16915190992310492,0.1400988173761803,0.2787053560380107,0.1703613508590149,german,3,Rashomon,HH
RF,max_depth,hp_max_depth,25,15,3,0.09516244961700938,0.11541650811045709,0.1352449539615493,0.09548079198405102,german,3,Rashomon,HH
RF,min_samples_leaf,hp_min_samples_leaf,25,25,3,0.07982143474334424,0.016397506589026382,0.21817444339949266,0.06396313992457363,german,3,Rashomon,HH
RF,n_estimators,hp_n_estimators,25,25,3,0.01452467998362784,0.008898769272298714,0.03018554285360433,0.011132082432615802,german,3,Rashomon,HH
kNN,n_neighbors,hp_n_neighbors,25,25,9,0.6147480726119292,0.620830142267102,0.8481745999370089,0.6980537566707447,german,3,Rashomon,HH
kNN,p,hp_p,25,25,2,0.2783538125722683,0.14231119382723323,0.6643585120824937,0.2608461719649022,german,3,Rashomon,HH
kNN,weights,hp_weights,25,25,2,0.009216860374808301,0.010151341125571992,0.017941162468092856,0.010112652141782131,german,3,Rashomon,HH
GBM,max_depth,hp_max_depth,25,25,4,0.1911035650542074,0.1503650570914139,0.43028114902164344,0.2180290124756558,german,3,Rashomon,non_HH
GBM,learning_rate,hp_learning_rate,25,25,4,0.20596997781632448,0.1846546251625713,0.39118078719224286,0.1932431579902139,german,3,Rashomon,non_HH
GBM,subsample,hp_subsample,25,25,3,0.11439994473859405,0.09165250747387592,0.23127000766524508,0.1281016236454132,german,3,Rashomon,non_HH
GBM,n_estimators,hp_n_estimators,25,25,3,0.09384865228699023,0.08113976265678159,0.17149384787291402,0.10122697584262992,german,3,Rashomon,non_HH
LogReg,C,hp_C,25,25,12,0.9426805786528089,0.9824824073951406,0.998912293629122,0.9851175622951078,german,3,Rashomon,non_HH
LogReg,l1_ratio,hp_l1_ratio,25,25,5,0.16000379687376756,0.15555540635290527,0.2322483891887911,0.16054956291282088,german,3,Rashomon,non_HH
MLP,hidden_layer_sizes,hp_hidden_layer_sizes,25,25,5,0.15502387925956346,0.1385896674848489,0.2834988522939095,0.1380071058214355,german,3,Rashomon,non_HH
MLP,learning_rate_init,hp_learning_rate_init,25,25,2,0.09672730030920117,0.08136640105402483,0.21200466554114653,0.10477983023601965,german,3,Rashomon,non_HH
MLP,alpha,hp_alpha,25,25,4,0.0616448123155203,0.0473912287348838,0.13271976132174226,0.06678197520230389,german,3,Rashomon,non_HH
MLP,activation,hp_activation,25,25,2,0.0783564092044599,0.06100538628560069,0.19001764393411164,0.06550583539556716,german,3,Rashomon,non_HH
RF,min_samples_split,hp_min_samples_split,25,25,3,0.15371532040179142,0.1478752619876769,0.2803033238787249,0.18006677855915076,german,3,Rashomon,non_HH
RF,max_features,hp_max_features,25,15,2,0.14567142699649777,0.08046155394300623,0.3701349613197996,0.13839225925003157,german,3,Rashomon,non_HH
RF,max_depth,hp_max_depth,25,15,3,0.13225542442970945,0.09996770610209184,0.2862346498919967,0.10344785749527294,german,3,Rashomon,non_HH
RF,min_samples_leaf,hp_min_samples_leaf,25,25,3,0.10398903921388959,0.058843101299967955,0.27209907610142525,0.09571118551233657,german,3,Rashomon,non_HH
RF,n_estimators,hp_n_estimators,25,25,3,0.041135056621786285,0.02596124988217145,0.10271658004977485,0.03264099735962319,german,3,Rashomon,non_HH
kNN,n_neighbors,hp_n_neighbors,25,25,9,0.7010885371346327,0.7671468719906416,0.9274325340017868,0.6840101503842112,german,3,Rashomon,non_HH
kNN,p,hp_p,25,25,2,0.1918605855356653,0.11216249214765582,0.5178759567547971,0.25134469940051607,german,3,Rashomon,non_HH
kNN,weights,hp_weights,25,25,2,0.016837873394812502,0.007272605793953976,0.0444675451176938,0.015387371897104353,german,3,Rashomon,non_HH
GBM,max_depth,hp_max_depth,25,25,4,0.27637501426899896,0.2530427944296405,0.5278864744043785,0.25849731821015,german,4,Rashomon,all
GBM,subsample,hp_subsample,25,25,3,0.19577822145005505,0.17420445828963216,0.36702597787033814,0.1871935265280802,german,4,Rashomon,all
GBM,learning_rate,hp_learning_rate,25,25,4,0.18480035094304534,0.17462793162660284,0.335654466576503,0.17843701795920264,german,4,Rashomon,all
GBM,n_estimators,hp_n_estimators,25,25,3,0.06286960832686513,0.05039936656418178,0.13454457409641982,0.06286137514006088,german,4,Rashomon,all
LogReg,C,hp_C,25,25,13,0.9963493396055876,0.9996908476660976,0.9999850552965467,0.9993995443028119,german,4,Rashomon,all
LogReg,l1_ratio,hp_l1_ratio,25,25,5,0.05605786680828997,0.03242939540260498,0.1252583450835863,0.02438505452107854,german,4,Rashomon,all
MLP,learning_rate_init,hp_learning_rate_init,25,25,2,0.19880580844303475,0.20757425064243634,0.4132670454856283,0.2253298733010474,german,4,Rashomon,all
MLP,alpha,hp_alpha,25,25,4,0.14138371983385586,0.13240758849669954,0.24168253880004775,0.14825136648817316,german,4,Rashomon,all
MLP,hidden_layer_sizes,hp_hidden_layer_sizes,25,25,5,0.14687596951860404,0.13685532339480871,0.26620977798047973,0.13766183827057038,german,4,Rashomon,all
MLP,activation,hp_activation,25,25,2,0.08781470018873179,0.07726145472076501,0.1825005895835725,0.08077673355178988,german,4,Rashomon,all
RF,max_depth,hp_max_depth,25,17,4,0.2443520568394695,0.24741937658500113,0.38960060393566964,0.2377402348356144,german,4,Rashomon,all
RF,max_features,hp_max_features,25,12,2,0.1296428515314849,0.06608089766710837,0.3221268896118862,0.13525219819048198,german,4,Rashomon,all
RF,min_samples_split,hp_min_samples_split,25,25,3,0.07557538987311838,0.0684775154177442,0.14307366200283203,0.07173556682532957,german,4,Rashomon,all
RF,min_samples_leaf,hp_min_samples_leaf,25,25,3,0.08508960123871122,0.05092383730449712,0.2088927116835523,0.07138350544734243,german,4,Rashomon,all
RF,n_estimators,hp_n_estimators,25,25,3,0.048042264922466826,0.03647131924480383,0.0960039005563916,0.044067806776122646,german,4,Rashomon,all
kNN,n_neighbors,hp_n_neighbors,25,25,8,0.6336178632644692,0.6793237265341081,0.929875469293783,0.6337776509544574,german,4,Rashomon,all
kNN,p,hp_p,25,25,2,0.21720963363519918,0.12162950258212579,0.6044270583145342,0.2605327062486678,german,4,Rashomon,all
kNN,weights,hp_weights,25,25,2,0.008486943893079897,0.002069629025490802,0.02346245972257293,0.006756047415788859,german,4,Rashomon,all
GBM,max_depth,hp_max_depth,25,25,4,0.27698556076239444,0.25498245207096604,0.5281777372479393,0.25883801323924704,german,4,Rashomon,non_HH
GBM,subsample,hp_subsample,25,25,3,0.19508960190147867,0.16966614739139996,0.3671556894168754,0.1865842771742497,german,4,Rashomon,non_HH
GBM,learning_rate,hp_learning_rate,25,25,4,0.18460695491580048,0.17462793162660284,0.3365500803785556,0.1779579248464588,german,4,Rashomon,non_HH
GBM,n_estimators,hp_n_estimators,25,25,3,0.06329664394471748,0.05075300600514772,0.13468375005226246,0.06330005853258218,german,4,Rashomon,non_HH
LogReg,C,hp_C,25,25,13,0.9963139611376408,0.9996790459000311,0.9999854092698606,0.9993913592468472,german,4,Rashomon,non_HH
LogReg,l1_ratio,hp_l1_ratio,25,25,5,0.056352096919919,0.032645955678187455,0.12661340218432027,0.024338583540443666,german,4,Rashomon,non_HH
MLP,learning_rate_init,hp_learning_rate_init,25,25,2,0.19587978927831723,0.2051971598926989,0.3993029652406228,0.21835988197491146,german,4,Rashomon,non_HH
MLP,alpha,hp_alpha,25,25,4,0.14104881924006685,0.13227095839550973,0.24205976281695352,0.1475550999576686,german,4,Rashomon,non_HH
MLP,hidden_layer_sizes,hp_hidden_layer_sizes,25,25,5,0.147392558144634,0.136929842160569,0.2662130228541509,0.1387158992629795,german,4,Rashomon,non_HH
MLP,activation,hp_activation,25,25,2,0.08714255718080986,0.07458870672823092,0.1833213325645317,0.07882116858311725,german,4,Rashomon,non_HH
RF,max_depth,hp_max_depth,25,17,4,0.24581242886778165,0.24798830797050953,0.39016432235248294,0.23920619715403965,german,4,Rashomon,non_HH
RF,max_features,hp_max_features,25,12,2,0.1298760713024622,0.06608089766710837,0.323253117466949,0.1346505053957375,german,4,Rashomon,non_HH
RF,min_samples_split,hp_min_samples_split,25,25,3,0.07603433345089469,0.06879025283843426,0.14309935006624583,0.0721934684460707,german,4,Rashomon,non_HH
RF,min_samples_leaf,hp_min_samples_leaf,25,25,3,0.08559431438419124,0.05092383730449712,0.20961474025078689,0.07194551290825642,german,4,Rashomon,non_HH
RF,n_estimators,hp_n_estimators,25,25,3,0.048014822823063366,0.03647131924480383,0.09684919760668684,0.04417193039023938,german,4,Rashomon,non_HH
kNN,n_neighbors,hp_n_neighbors,25,25,8,0.6324905049928345,0.6793237265341081,0.9269510138705024,0.6304299505035527,german,4,Rashomon,non_HH
kNN,p,hp_p,25,25,2,0.21830936143073157,0.12162950258212579,0.60745623227946,0.26407335543286153,german,4,Rashomon,non_HH
kNN,weights,hp_weights,25,25,2,0.008523536589930542,0.002069629025490802,0.023725406565612044,0.0067660198354687895,german,4,Rashomon,non_HH
GBM,learning_rate,hp_learning_rate,25,25,4,0.37424010940347247,0.3525024638810885,0.6247505799811414,0.36338362784158545,german,5,Rashomon,all
GBM,max_depth,hp_max_depth,25,25,4,0.25296663416151305,0.2328514640007023,0.4736217278719362,0.28419911733291897,german,5,Rashomon,all
GBM,subsample,hp_subsample,25,25,3,0.16261617220432809,0.1330804401883047,0.30037636432860204,0.16273484797685314,german,5,Rashomon,all
GBM,n_estimators,hp_n_estimators,25,25,3,0.14236391805423654,0.13801780879733033,0.24468645320265447,0.14081814730125236,german,5,Rashomon,all
LogReg,C,hp_C,25,25,10,0.9045800766172032,0.9302227679929373,0.9903504111080316,0.9299358074389316,german,5,Rashomon,all
LogReg,l1_ratio,hp_l1_ratio,25,25,5,0.13007611107245437,0.11963191806612403,0.17033615286293113,0.12509585516620952,german,5,Rashomon,all
MLP,hidden_layer_sizes,hp_hidden_layer_sizes,25,25,5,0.19134703505416048,0.18458281799072074,0.3139802119669996,0.1772570530343022,german,5,Rashomon,all
MLP,alpha,hp_alpha,25,25,4,0.09251738596610137,0.07841231983718192,0.18070803157896143,0.07898781457478878,german,5,Rashomon,all
MLP,learning_rate_init,hp_learning_rate_init,25,25,2,0.07295586296411796,0.04311150108030171,0.18185058431687998,0.06816324953201264,german,5,Rashomon,all
MLP,activation,hp_activation,25,25,2,0.04819043393407587,0.018590394750503305,0.13490891832413518,0.04946824204889561,german,5,Rashomon,all
RF,min_samples_split,hp_min_samples_split,25,25,3,0.13145391944987542,0.1201238644617717,0.2522419702431835,0.14049542437416093,german,5,Rashomon,all
RF,max_features,hp_max_features,25,16,2,0.1216216512945057,0.05572393522592663,0.3655951992493089,0.11422840782374874,german,5,Rashomon,all
RF,n_estimators,hp_n_estimators,25,25,3,0.08906184165022697,0.08180990033354826,0.16791785372128645,0.09936497781780798,german,5,Rashomon,all
RF,max_depth,hp_max_depth,25,21,3,0.10200968664429702,0.08635190408340904,0.20631582801034357,0.09075363015947661,german,5,Rashomon,all
RF,min_samples_leaf,hp_min_samples_leaf,25,25,2,0.07119748927436358,0.044488885737340195,0.16741443487152297,0.07610052604254217,german,5,Rashomon,all
kNN,n_neighbors,hp_n_neighbors,25,25,12,0.8167681694409477,0.8636294896618162,0.9719243239967437,0.8606537178724433,german,5,Rashomon,all
kNN,p,hp_p,25,25,2,0.18641001202771915,0.13435073936827976,0.46423970481230553,0.2238970018854225,german,5,Rashomon,all
kNN,weights,hp_weights,25,25,2,0.022311956090867308,0.011705958656373834,0.053863053020427085,0.01899720705734408,german,5,Rashomon,all
GBM,learning_rate,hp_learning_rate,25,25,4,0.3696573040177628,0.33919710318856794,0.6230270380088218,0.3527017586945235,german,5,Rashomon,non_HH
GBM,max_depth,hp_max_depth,25,25,4,0.25376134737609446,0.2328514640007023,0.4736953488327804,0.28719937162305414,german,5,Rashomon,non_HH
GBM,subsample,hp_subsample,25,25,3,0.16252194349364132,0.13235189640597944,0.300116429194895,0.16194934624320115,german,5,Rashomon,non_HH
GBM,n_estimators,hp_n_estimators,25,25,3,0.14077331934935342,0.13519341758491166,0.24378013595030734,0.13713260396496166,german,5,Rashomon,non_HH
LogReg,C,hp_C,25,25,10,0.9045951994449808,0.9304150484263747,0.9905562405744383,0.9299536819785676,german,5,Rashomon,non_HH
LogReg,l1_ratio,hp_l1_ratio,25,25,5,0.13030087797615836,0.11946810215871964,0.17377640602339228,0.1251777421363866,german,5,Rashomon,non_HH
MLP,hidden_layer_sizes,hp_hidden_layer_sizes,25,25,5,0.1937952541001493,0.18692169655032323,0.3148251820827117,0.1798275400329919,german,5,Rashomon,non_HH
MLP,alpha,hp_alpha,25,25,4,0.09306053784479715,0.07928528959449209,0.1827946420781313,0.07920641368863804,german,5,Rashomon,non_HH
MLP,learning_rate_init,hp_learning_rate_init,25,25,2,0.07388818443043502,0.044046765070278465,0.18349275803496432,0.06927293747263849,german,5,Rashomon,non_HH
MLP,activation,hp_activation,25,25,2,0.04886248512258418,0.018800042249993067,0.13509857594966593,0.0502118799879265,german,5,Rashomon,non_HH
RF,min_samples_split,hp_min_samples_split,25,25,3,0.13247507716086734,0.12077068887511669,0.25592048935350575,0.14199245550492642,german,5,Rashomon,non_HH
RF,max_features,hp_max_features,25,16,2,0.1228189783867905,0.05572393522592663,0.36721252604650795,0.11559967989833472,german,5,Rashomon,non_HH
RF,n_estimators,hp_n_estimators,25,25,3,0.08924008289390825,0.08180990033354826,0.1679257075870527,0.10012858550310837,german,5,Rashomon,non_HH
RF,max_depth,hp_max_depth,25,21,3,0.1030989114764955,0.08719586026536827,0.20646593178202743,0.09199419064903519,german,5,Rashomon,non_HH
RF,min_samples_leaf,hp_min_samples_leaf,25,25,2,0.07165321678333918,0.044488885737340195,0.16836153888562316,0.07675275424167419,german,5,Rashomon,non_HH
kNN,n_neighbors,hp_n_neighbors,25,25,12,0.8156224073666805,0.8636294896618162,0.972111353470644,0.8588233702544685,german,5,Rashomon,non_HH
kNN,p,hp_p,25,25,2,0.18671346837684968,0.13435073936827976,0.46567142156750385,0.22233264472159525,german,5,Rashomon,non_HH
kNN,weights,hp_weights,25,25,2,0.022008878514308775,0.011407118787619748,0.055777620012057993,0.018198341550926853,german,5,Rashomon,non_HH
GBM,learning_rate,hp_learning_rate,25,25,4,0.38168683353947314,0.39954103209690617,0.5759981015339855,0.3997824054291118,german,6,Rashomon,all
GBM,max_depth,hp_max_depth,25,25,4,0.18914028042607817,0.14369081372141368,0.39665181969926705,0.1859162405534881,german,6,Rashomon,all
GBM,n_estimators,hp_n_estimators,25,25,3,0.16964687126747136,0.1770643705837912,0.2654811825286411,0.17628204745024872,german,6,Rashomon,all
GBM,subsample,hp_subsample,25,25,3,0.05408337297078327,0.02346114615402348,0.14668823320126034,0.06040952076852336,german,6,Rashomon,all
LogReg,C,hp_C,25,25,11,0.9141958875184207,0.9506232870489875,0.9917513986594185,0.9574042018041748,german,6,Rashomon,all
LogReg,l1_ratio,hp_l1_ratio,25,25,5,0.06758977479819685,0.04722782560323519,0.14129878989713962,0.04228961344938003,german,6,Rashomon,all
MLP,learning_rate_init,hp_learning_rate_init,25,25,3,0.24470460063871763,0.24746798686062094,0.4542177431683953,0.25899037933161995,german,6,Rashomon,all
MLP,hidden_layer_sizes,hp_hidden_layer_sizes,25,25,5,0.1772372596474063,0.16481683221345253,0.2915870958230632,0.17330543006393595,german,6,Rashomon,all
MLP,alpha,hp_alpha,25,25,4,0.08011727938684132,0.057430391225426806,0.19367757424003543,0.08309466513121821,german,6,Rashomon,all
MLP,activation,hp_activation,25,25,2,0.05333884157956893,0.02887021909007059,0.14666482799259586,0.05791335904849792,german,6,Rashomon,all
RF,min_samples_leaf,hp_min_samples_leaf,25,25,3,0.17708292388147082,0.13146249553660966,0.41255758235803475,0.19574427713561104,german,6,Rashomon,all
RF,min_samples_split,hp_min_samples_split,25,25,3,0.1311867278270792,0.10777453445301982,0.2860999483611445,0.14192875043117287,german,6,Rashomon,all
RF,max_features,hp_max_features,25,25,2,0.12452435613769029,0.0704537852531319,0.3218950566936833,0.12781861499341837,german,6,Rashomon,all
RF,max_depth,hp_max_depth,25,17,3,0.1258313106567586,0.09807977585768957,0.2659826671624486,0.12414850423681013,german,6,Rashomon,all
RF,n_estimators,hp_n_estimators,25,25,3,0.08020534894526264,0.05127348100971525,0.18282350611698486,0.07451516033438789,german,6,Rashomon,all
kNN,n_neighbors,hp_n_neighbors,25,25,9,0.6598478586498877,0.7089167535645088,0.9502790643190885,0.6655202626768206,german,6,Rashomon,all
kNN,p,hp_p,25,25,2,0.14968067793393536,0.06846938898483258,0.4575957137799456,0.17716483839928854,german,6,Rashomon,all
kNN,weights,hp_weights,25,25,2,0.037262412629226034,0.023240496334504562,0.08929126763941905,0.045371871790258485,german,6,Rashomon,all
GBM,learning_rate,hp_learning_rate,25,25,4,0.3810320893139256,0.39865822609574725,0.576044539859385,0.39887854399054884,german,6,Rashomon,non_HH
GBM,max_depth,hp_max_depth,25,25,4,0.18945688635029942,0.1441993247544244,0.3966818526189668,0.18639782729536258,german,6,Rashomon,non_HH
GBM,n_estimators,hp_n_estimators,25,25,3,0.16917552142271577,0.1767416845802565,0.2655618777271955,0.17557986645360665,german,6,Rashomon,non_HH
GBM,subsample,hp_subsample,25,25,3,0.05427725912487827,0.023504281034145893,0.14684596829104815,0.0607713076727391,german,6,Rashomon,non_HH
LogReg,C,hp_C,25,25,11,0.9142341476129774,0.9510480696185781,0.9918861910421914,0.9576494012089041,german,6,Rashomon,non_HH
LogReg,l1_ratio,hp_l1_ratio,25,25,5,0.06757356064512052,0.0472248593410705,0.14133012575154313,0.04215198134366137,german,6,Rashomon,non_HH
MLP,learning_rate_init,hp_learning_rate_init,25,25,3,0.24361914767771506,0.24613873215775986,0.4535765983819457,0.25720642772822117,german,6,Rashomon,non_HH
MLP,hidden_layer_sizes,hp_hidden_layer_sizes,25,25,5,0.17722294651143564,0.16455792963913585,0.29181067937799277,0.1732454683027644,german,6,Rashomon,non_HH
MLP,alpha,hp_alpha,25,25,4,0.08045363069940194,0.05765733297921242,0.19407126618960277,0.08371294178022645,german,6,Rashomon,non_HH
MLP,activation,hp_activation,25,25,2,0.05359941262360212,0.028942396969146734,0.14670886538024996,0.05841239442977893,german,6,Rashomon,non_HH
RF,min_samples_leaf,hp_min_samples_leaf,25,25,3,0.17599089181437916,0.13095912238451646,0.4129110743489475,0.19365375240055352,german,6,Rashomon,non_HH
RF,min_samples_split,hp_min_samples_split,25,25,3,0.13065900064446415,0.10632100584761181,0.2868983543307315,0.1409366404345387,german,6,Rashomon,non_HH
RF,max_features,hp_max_features,25,25,2,0.12377321723471214,0.06828790819761184,0.32254753700267014,0.12628026498648642,german,6,Rashomon,non_HH
RF,max_depth,hp_max_depth,25,17,3,0.12579290954176653,0.09734657599725677,0.2661766621398064,0.12405477929054394,german,6,Rashomon,non_HH
RF,n_estimators,hp_n_estimators,25,25,3,0.08060122396214509,0.05148265678546005,0.1831129563598204,0.07528431164241207,german,6,Rashomon,non_HH
kNN,n_neighbors,hp_n_neighbors,25,25,9,0.6622250269985271,0.7094183883575882,0.9503012704522785,0.6723204974813243,german,6,Rashomon,non_HH
kNN,p,hp_p,25,25,2,0.14866456495276573,0.06763885473639657,0.457647952958298,0.1746829476942883,german,6,Rashomon,non_HH
kNN,weights,hp_weights,25,25,2,0.037332277949172106,0.023121778709051802,0.08965790614870527,0.045684556569110996,german,6,Rashomon,non_HH
GBM,learning_rate,hp_learning_rate,25,25,4,0.2832333991304844,0.2710715030941624,0.46073972433396715,0.30286906673328473,german,7,Rashomon,all
GBM,max_depth,hp_max_depth,25,25,4,0.1483403855657798,0.09246429666392446,0.3230661611251726,0.16990716114622526,german,7,Rashomon,all
GBM,subsample,hp_subsample,25,25,3,0.11355617324084678,0.06507205646824807,0.278014524712146,0.12662104720250414,german,7,Rashomon,all
GBM,n_estimators,hp_n_estimators,25,25,3,0.06926623646238717,0.05414854524095311,0.1348572374009476,0.07223983794060793,german,7,Rashomon,all
LogReg,C,hp_C,25,25,11,0.9094050581126066,0.9492197827811873,0.986274367303396,0.9381915345807389,german,7,Rashomon,all
LogReg,l1_ratio,hp_l1_ratio,25,25,5,0.08268501632621332,0.06866702588657919,0.1246065102969197,0.06794477854476344,german,7,Rashomon,all
MLP,learning_rate_init,hp_learning_rate_init,25,25,3,0.3264965595775983,0.3483430462709626,0.58931977063368,0.3052147887720966,german,7,Rashomon,all
MLP,hidden_layer_sizes,hp_hidden_layer_sizes,25,25,5,0.10641811412563758,0.07991541353143455,0.23201615404669731,0.12165210915880403,german,7,Rashomon,all
MLP,alpha,hp_alpha,25,25,4,0.07247556121061907,0.057106000485816114,0.15352271235132742,0.06869645994247858,german,7,Rashomon,all
MLP,activation,hp_activation,25,25,2,0.05176366462503466,0.02818323797353059,0.14091715304842387,0.04799132581865162,german,7,Rashomon,all
RF,max_depth,hp_max_depth,25,21,4,0.22347618842677983,0.19902753750577304,0.3953914316832599,0.21179937352734257,german,7,Rashomon,all
RF,min_samples_leaf,hp_min_samples_leaf,25,25,3,0.130491721763744,0.10168158534113653,0.29963653027926684,0.12383169185242386,german,7,Rashomon,all
RF,n_estimators,hp_n_estimators,25,25,3,0.08816238873605084,0.07927498296602067,0.1787527488983995,0.09479144905385391,german,7,Rashomon,all
RF,max_features,hp_max_features,25,15,2,0.0884155176414698,0.054690297674106325,0.22237547203169863,0.0845378319912813,german,7,Rashomon,all
RF,min_samples_split,hp_min_samples_split,25,25,3,0.06044991487474483,0.04869363512018706,0.12868776762396328,0.05077961978981259,german,7,Rashomon,all
kNN,n_neighbors,hp_n_neighbors,25,25,9,0.6252011494527401,0.6592929649977716,0.9174426586212604,0.6086090820588141,german,7,Rashomon,all
kNN,p,hp_p,25,25,2,0.17809115617256666,0.11689253732460247,0.4466440284872346,0.21331494220751224,german,7,Rashomon,all
kNN,weights,hp_weights,25,25,2,0.01537108228200966,0.004702052652355938,0.025550459133428394,0.027122403416097906,german,7,Rashomon,all
GBM,learning_rate,hp_learning_rate,25,25,4,0.2837424927020602,0.272558478554568,0.46079640326780347,0.30455170479485083,german,7,Rashomon,non_HH
GBM,max_depth,hp_max_depth,25,25,4,0.14862428118542978,0.09308343607240972,0.3235413895741158,0.1709931902152747,german,7,Rashomon,non_HH
GBM,subsample,hp_subsample,25,25,3,0.11390158038712289,0.06507434896621823,0.2782810337016547,0.1277590931990079,german,7,Rashomon,non_HH
GBM,n_estimators,hp_n_estimators,25,25,3,0.06921734316354244,0.052637893943151125,0.1348936693634153,0.07214584353602228,german,7,Rashomon,non_HH
LogReg,C,hp_C,25,25,11,0.9093358049595877,0.9505908532167362,0.986303318103793,0.9382933511436593,german,7,Rashomon,non_HH
LogReg,l1_ratio,hp_l1_ratio,25,25,5,0.08244979180461522,0.06864655338320078,0.12265089684152522,0.06752713377955966,german,7,Rashomon,non_HH
MLP,learning_rate_init,hp_learning_rate_init,25,25,3,0.32759446787865576,0.350483204782818,0.5899300438437133,0.3073041383558613,german,7,Rashomon,non_HH
MLP,hidden_layer_sizes,hp_hidden_layer_sizes,25,25,5,0.10601511956997133,0.07989806285204433,0.23300602890967048,0.12096383938088952,german,7,Rashomon,non_HH
MLP,alpha,hp_alpha,25,25,4,0.07206414470126386,0.05709840529113065,0.15077389874879457,0.06778899008714867,german,7,Rashomon,non_HH
MLP,activation,hp_activation,25,25,2,0.0520159356804162,0.02876355738030412,0.14095779750661866,0.048483246170711126,german,7,Rashomon,non_HH
RF,max_depth,hp_max_depth,25,21,4,0.22384355936878048,0.19931051780219736,0.39583372552797835,0.21218671785002446,german,7,Rashomon,non_HH
RF,min_samples_leaf,hp_min_samples_leaf,25,25,3,0.13109963136757521,0.1033633925220165,0.29993569867169656,0.12451822758088649,german,7,Rashomon,non_HH
RF,n_estimators,hp_n_estimators,25,25,3,0.08834466996434155,0.07947832857375961,0.1787730319057114,0.09504911184388204,german,7,Rashomon,non_HH
RF,max_features,hp_max_features,25,15,2,0.08803230284389894,0.05457010597985135,0.2225422903896315,0.08354326743372789,german,7,Rashomon,non_HH
RF,min_samples_split,hp_min_samples_split,25,25,3,0.06070243607139862,0.048719740789374466,0.1288662514496927,0.05102333973141724,german,7,Rashomon,non_HH
kNN,n_neighbors,hp_n_neighbors,25,25,9,0.6278431621932935,0.6596130254045164,0.9174485818174017,0.6157007587091422,german,7,Rashomon,non_HH
kNN,p,hp_p,25,25,2,0.1773844779065489,0.11638810538101357,0.44804432280136897,0.21184686324352017,german,7,Rashomon,non_HH
kNN,weights,hp_weights,25,25,2,0.015448322294329582,0.004781702600485018,0.025682564228302954,0.027500158636561245,german,7,Rashomon,non_HH
GBM,learning_rate,hp_learning_rate,25,25,4,0.3381658260501581,0.35608960665387074,0.5679373101674872,0.33137768056698735,german,8,Rashomon,all
GBM,max_depth,hp_max_depth,25,25,4,0.2182978631806546,0.2013785139694484,0.38911046348776424,0.22247356373686789,german,8,Rashomon,all
GBM,n_estimators,hp_n_estimators,25,25,3,0.09451854637863633,0.08132038143661482,0.18790856657082927,0.08833401978788419,german,8,Rashomon,all
GBM,subsample,hp_subsample,25,25,3,0.07499009939120378,0.046932799894146934,0.18457119787941978,0.08461007542915859,german,8,Rashomon,all
LogReg,C,hp_C,25,25,11,0.9813474124272749,0.9965444784752606,0.9996208545580507,0.9935578402832714,german,8,Rashomon,all
LogReg,l1_ratio,hp_l1_ratio,25,25,5,0.16553553905668061,0.16198773360531343,0.20725721735322344,0.16136295906064546,german,8,Rashomon,all
MLP,hidden_layer_sizes,hp_hidden_layer_sizes,25,25,5,0.2808008868213181,0.29038568029845696,0.4633150440150905,0.2670739307982778,german,8,Rashomon,all
MLP,learning_rate_init,hp_learning_rate_init,25,25,2,0.1385551330724018,0.11447782624401284,0.3132625033417411,0.13457929586792297,german,8,Rashomon,all
MLP,alpha,hp_alpha,25,25,4,0.12270159424423092,0.11677208525457734,0.2084291868560672,0.12411420079172415,german,8,Rashomon,all
MLP,activation,hp_activation,25,25,2,0.04339245212972896,0.0180489891254595,0.11770766412632315,0.04706480827057596,german,8,Rashomon,all
RF,n_estimators,hp_n_estimators,25,25,3,0.19255659241396259,0.19965169744702016,0.3615035498714396,0.21337997754606733,german,8,Rashomon,all
RF,min_samples_leaf,hp_min_samples_leaf,25,25,3,0.16868223275369382,0.14206982127062684,0.35370477192661864,0.1648453586539817,german,8,Rashomon,all
RF,max_features,hp_max_features,25,14,2,0.12466743686987859,0.07724361022121407,0.32672023601005984,0.12303808543079221,german,8,Rashomon,all
RF,max_depth,hp_max_depth,25,17,4,0.11475441465272027,0.08282497671509588,0.23391456889861614,0.08508598858095273,german,8,Rashomon,all
RF,min_samples_split,hp_min_samples_split,25,25,3,0.08264096583487798,0.07006334006295403,0.1623482622834957,0.07965690771287957,german,8,Rashomon,all
kNN,n_neighbors,hp_n_neighbors,25,25,9,0.6432215239580543,0.669557732191902,0.9292249708683211,0.6154959690059482,german,8,Rashomon,all
kNN,p,hp_p,25,25,2,0.21733353801925973,0.12844532845744117,0.600372971199026,0.2601736149021591,german,8,Rashomon,all
kNN,weights,hp_weights,25,25,2,0.014979212329524882,0.00455924544716765,0.02736296740415835,0.03778973532574979,german,8,Rashomon,all
GBM,learning_rate,hp_learning_rate,25,25,4,0.3401978879751422,0.357893417686792,0.5710907669834222,0.3384006206659396,german,8,Rashomon,non_HH
GBM,max_depth,hp_max_depth,25,25,4,0.21738353917455358,0.20070614188023891,0.3818086470271552,0.21906647630609252,german,8,Rashomon,non_HH
GBM,n_estimators,hp_n_estimators,25,25,3,0.09583201769600272,0.08177578207734551,0.18791351189280656,0.09204479518250681,german,8,Rashomon,non_HH
GBM,subsample,hp_subsample,25,25,3,0.07226714341062772,0.04568221228221978,0.1782561256870333,0.0765996131749179,german,8,Rashomon,non_HH
LogReg,C,hp_C,25,25,11,0.9813472506994192,0.9965651875463998,0.9996322188459937,0.9936046575197174,german,8,Rashomon,non_HH
LogReg,l1_ratio,hp_l1_ratio,25,25,5,0.16624627668026337,0.16232323425019235,0.20814936090463937,0.1617025380062084,german,8,Rashomon,non_HH
MLP,hidden_layer_sizes,hp_hidden_layer_sizes,25,25,5,0.28121184880661726,0.2913333857316348,0.4644132716884334,0.26793869787224756,german,8,Rashomon,non_HH
MLP,learning_rate_init,hp_learning_rate_init,25,25,2,0.13654479563430166,0.1143481828154559,0.2926942856273958,0.1340494619305282,german,8,Rashomon,non_HH
MLP,alpha,hp_alpha,25,25,4,0.12190596994366049,0.11590251707125651,0.20519781468138648,0.1244254693612015,german,8,Rashomon,non_HH
MLP,activation,hp_activation,25,25,2,0.04118719689676648,0.016695434783188932,0.11248635790156032,0.04449371316541584,german,8,Rashomon,non_HH
RF,n_estimators,hp_n_estimators,25,25,3,0.19246207271471139,0.19590891777073988,0.3617058705068131,0.21387893133751862,german,8,Rashomon,non_HH
RF,min_samples_leaf,hp_min_samples_leaf,25,25,3,0.16883184787792183,0.142498297572252,0.35619784907978996,0.16519852709390903,german,8,Rashomon,non_HH
RF,max_features,hp_max_features,25,14,2,0.122460834690409,0.07600060472352457,0.31307940528806505,0.11842237103068415,german,8,Rashomon,non_HH
RF,max_depth,hp_max_depth,25,17,4,0.11562717827590219,0.08294855500400926,0.23548257128737954,0.08629217111541578,german,8,Rashomon,non_HH
RF,min_samples_split,hp_min_samples_split,25,25,3,0.08241912764809907,0.06935751826609346,0.16278980054926606,0.07894272596529697,german,8,Rashomon,non_HH
kNN,n_neighbors,hp_n_neighbors,25,25,9,0.6410264078330145,0.6666611422502821,0.9295555153849218,0.6112187310006791,german,8,Rashomon,non_HH
kNN,p,hp_p,25,25,2,0.2177678760557318,0.12314521839593255,0.6006827954346964,0.26364983178928025,german,8,Rashomon,non_HH
kNN,weights,hp_weights,25,25,2,0.014877733257632439,0.0044485732026527764,0.02719791168610222,0.03826252801036258,german,8,Rashomon,non_HH
GBM,max_depth,hp_max_depth,25,25,4,0.3524634305726791,0.35834877959013095,0.5606563903106281,0.3830305738212261,german,9,Rashomon,all
GBM,learning_rate,hp_learning_rate,25,25,4,0.33975504559314473,0.37683682055193746,0.5514279606751222,0.3710751516355016,german,9,Rashomon,all
GBM,n_estimators,hp_n_estimators,25,25,3,0.08607647755623812,0.07943658309096885,0.15812633418544642,0.08062143477116511,german,9,Rashomon,all
GBM,subsample,hp_subsample,25,25,3,0.07221554092798718,0.037921382288240456,0.1891644076651638,0.07505025186366883,german,9,Rashomon,all
LogReg,C,hp_C,25,25,11,0.9621731584654246,0.9770558178756608,0.9952322396836716,0.97225869067886,german,9,Rashomon,all
LogReg,l1_ratio,hp_l1_ratio,25,25,5,0.07527404043558561,0.0593753030645706,0.11996403896697062,0.0585953580813048,german,9,Rashomon,all
MLP,learning_rate_init,hp_learning_rate_init,25,25,3,0.37526006875660406,0.416563001400134,0.5917434171131353,0.4319448531532297,german,9,Rashomon,all
MLP,hidden_layer_sizes,hp_hidden_layer_sizes,25,25,5,0.16334836480903928,0.1527283265272178,0.2959542454489726,0.15804734004362156,german,9,Rashomon,all
MLP,activation,hp_activation,25,25,2,0.07577487454290634,0.06169560199593124,0.16266955855205328,0.07717577671798505,german,9,Rashomon,all
MLP,alpha,hp_alpha,25,25,4,0.08679081256556537,0.06906942639942745,0.1672786426370181,0.07680725842246323,german,9,Rashomon,all
RF,min_samples_leaf,hp_min_samples_leaf,25,25,3,0.18074975574605184,0.15411953559159813,0.3604697336558535,0.2072979404353125,german,9,Rashomon,all
RF,max_depth,hp_max_depth,25,17,3,0.15649720721861354,0.11803341291745226,0.3297998903856093,0.14584260163488785,german,9,Rashomon,all
RF,max_features,hp_max_features,25,25,2,0.13969765404345447,0.10834017386276681,0.33429350982344047,0.1425232489362666,german,9,Rashomon,all
RF,min_samples_split,hp_min_samples_split,25,25,3,0.10827636845010265,0.08669931628442118,0.2294996192737607,0.10753772806541244,german,9,Rashomon,all
RF,n_estimators,hp_n_estimators,25,25,3,0.08250014824800349,0.05929131341201313,0.17781229056510633,0.08380627387898777,german,9,Rashomon,all
kNN,n_neighbors,hp_n_neighbors,25,25,10,0.7866235875478067,0.8424809693456566,0.9711335289473018,0.7983196329868827,german,9,Rashomon,all
kNN,p,hp_p,25,25,2,0.15043081474135736,0.10153716564416257,0.35083873639291135,0.16420709039071962,german,9,Rashomon,all
kNN,weights,hp_weights,25,25,2,0.005000035198741746,0.0013995205272516154,0.012285905622192332,0.0036700816817712865,german,9,Rashomon,all
GBM,max_depth,hp_max_depth,25,25,4,0.44116571872131677,0.43147655970284027,0.5925252362368515,0.47158662996100265,german,9,Rashomon,HH
GBM,learning_rate,hp_learning_rate,25,25,4,0.4127734869776929,0.43833805065265774,0.5661158368859236,0.43864687580943407,german,9,Rashomon,HH
GBM,n_estimators,hp_n_estimators,25,25,3,0.06990823453726439,0.07455750749103296,0.12003232847130488,0.07335510214536477,german,9,Rashomon,HH
GBM,subsample,hp_subsample,25,25,3,0.08564818888217846,0.015768973063262266,0.23120468066503022,0.0717418505475728,german,9,Rashomon,HH
LogReg,C,hp_C,25,25,11,0.977649284646373,0.9817147715525296,0.9899587536054762,0.9786321459708343,german,9,Rashomon,HH
LogReg,l1_ratio,hp_l1_ratio,25,25,5,0.06147776826644693,0.05979007574910268,0.07887262210693856,0.0588514999238705,german,9,Rashomon,HH
MLP,learning_rate_init,hp_learning_rate_init,25,25,3,0.4468392800931665,0.49239326598593036,0.6306550778156153,0.48910152456405076,german,9,Rashomon,HH
MLP,hidden_layer_sizes,hp_hidden_layer_sizes,25,25,5,0.23738962299831687,0.2241089539299026,0.35842296110551614,0.22306071010991207,german,9,Rashomon,HH
MLP,activation,hp_activation,25,25,2,0.08216087784670503,0.06483072329513284,0.15352525284077495,0.08061715852864447,german,9,Rashomon,HH
MLP,alpha,hp_alpha,25,25,4,0.06912879838602738,0.057588339151218026,0.11044718305931242,0.06524981596934686,german,9,Rashomon,HH
RF,min_samples_leaf,hp_min_samples_leaf,25,25,3,0.3075452314030779,0.2874335406092626,0.4627477965938329,0.3311947790795222,german,9,Rashomon,HH
RF,max_features,hp_max_features,25,25,2,0.21178352173604406,0.16415668435814107,0.3625487275048355,0.229692568066141,german,9,Rashomon,HH
RF,n_estimators,hp_n_estimators,25,25,3,0.10933134219830583,0.08477917076306177,0.1963166000585335,0.12421081353520073,german,9,Rashomon,HH
RF,max_depth,hp_max_depth,25,17,3,0.10905538347131968,0.05705320686996556,0.30610764392080175,0.09386030288375449,german,9,Rashomon,HH
RF,min_samples_split,hp_min_samples_split,25,25,3,0.09628430415911961,0.11027613942416695,0.14713214255240853,0.09263501951899863,german,9,Rashomon,HH
kNN,n_neighbors,hp_n_neighbors,25,25,10,0.8414444645202674,0.9083068637550114,0.9781038075471554,0.8613939494079598,german,9,Rashomon,HH
kNN,p,hp_p,25,25,2,0.1965282601021095,0.08581314139595499,0.41965537843636225,0.1719236427942256,german,9,Rashomon,HH
kNN,weights,hp_weights,25,25,2,0.0021031489445039898,0.0011279540698972796,0.0038156728195861355,0.002038993485969597,german,9,Rashomon,HH
GBM,max_depth,hp_max_depth,25,25,4,0.34779488909117184,0.3522486962823271,0.5492277329137941,0.3720365081709965,german,9,Rashomon,non_HH
GBM,learning_rate,hp_learning_rate,25,25,4,0.33591196973080006,0.3538337946757033,0.546074302243349,0.36268625081888384,german,9,Rashomon,non_HH
GBM,n_estimators,hp_n_estimators,25,25,3,0.08692743771513148,0.07943658309096885,0.1583638966906403,0.08152353612263406,german,9,Rashomon,non_HH
GBM,subsample,hp_subsample,25,25,3,0.07150855945671396,0.03907125585161836,0.18089267605851192,0.07546098358380161,german,9,Rashomon,non_HH
LogReg,C,hp_C,25,25,11,0.9613586255085326,0.976664273863699,0.995303916140219,0.971791721622054,german,9,Rashomon,non_HH
LogReg,l1_ratio,hp_l1_ratio,25,25,5,0.07600016002343501,0.0593753030645706,0.1232568602932189,0.058576591131643756,german,9,Rashomon,non_HH
MLP,learning_rate_init,hp_learning_rate_init,25,25,3,0.37149274184415343,0.4124326906799495,0.5851277387190787,0.42664530434624814,german,9,Rashomon,non_HH
MLP,hidden_layer_sizes,hp_hidden_layer_sizes,25,25,5,0.1594514564832878,0.14673969583440555,0.29185727987265486,0.15201932057943296,german,9,Rashomon,non_HH
MLP,alpha,hp_alpha,25,25,4,0.08772039225922523,0.07003458814800526,0.16743440729993014,0.07787886089427158,german,9,Rashomon,non_HH
MLP,activation,hp_activation,25,25,2,0.0754387691058643,0.06169560199593124,0.16266955855205328,0.07685669286619876,german,9,Rashomon,non_HH
RF,min_samples_leaf,hp_min_samples_leaf,25,25,3,0.17407630965883994,0.15031000761165147,0.3540393342997778,0.1952047035040477,german,9,Rashomon,non_HH
RF,max_depth,hp_max_depth,25,17,3,0.15899414531057637,0.12214300546298393,0.3297998903856093,0.15069386124090903,german,9,Rashomon,non_HH
RF,max_features,hp_max_features,25,25,2,0.13590366100700238,0.10156412231008008,0.32902297729734703,0.1340148863266136,german,9,Rashomon,non_HH
RF,min_samples_split,hp_min_samples_split,25,25,3,0.10890752972857543,0.08468883320220541,0.2297247310839639,0.10899234133352742,german,9,Rashomon,non_HH
RF,n_estimators,hp_n_estimators,25,25,3,0.081087980145356,0.05824490409628869,0.1699182724599036,0.07986249551863406,german,9,Rashomon,non_HH
kNN,n_neighbors,hp_n_neighbors,25,25,10,0.7837382782334666,0.8400470450423703,0.9704143845768297,0.7893153816488,german,9,Rashomon,non_HH
kNN,p,hp_p,25,25,2,0.14800463340658096,0.10153716564416257,0.34538619442232565,0.16310550449574454,german,9,Rashomon,non_HH
kNN,weights,hp_weights,25,25,2,0.005152502896333208,0.001452167075571079,0.012798895802708404,0.0039029296760568124,german,9,Rashomon,non_HH
